V1,V2,V3,bin.factor,noisy.bin.factor,age.group,cat.noisy
8.49453151149413,5.310129303978233,2.5860131720355795,0,0,Group 1,G1
11.836216216173236,3.940968645364941,0.9911909592181585,1,1,Group 4,G4
8.68046267973863,6.146412921781831,3.0520022561640126,0,0,Group 1,G1
10.122176336169781,5.124569761456149,1.7916818577220028,1,0,Group 3,G4
11.668743188788108,3.6534774670862005,0.2173316466961286,1,1,Group 4,G4
9.384386642420433,5.897728923911897,2.1619757543734694,0,0,Group 2,G1
9.79773199286136,5.400534796178411,2.7081458554183504,0,0,Group 2,G1
10.097074133930787,5.589527386865241,3.2530508823138597,1,0,Group 3,G3
9.247458216773374,5.006932579075861,2.071355583876949,0,1,Group 1,G1
10.341425116214507,4.885698596570322,2.0594412398677506,1,1,Group 3,G3
11.350020030861181,4.178657476250747,0.7173529319974641,1,0,Group 4,G3
9.223375208833435,5.287252102970403,3.1967458472153645,0,0,Group 1,G1
9.38913115903325,5.789819582285144,3.6104801635607684,0,0,Group 2,G2
9.449349050822375,5.111790560094414,1.7975613728976632,0,0,Group 2,G2
9.317989329061595,6.299130030754657,2.9897221895934507,0,0,Group 1,G1
9.770330814706792,4.89505505240932,2.2773369244072708,0,0,Group 2,G2
8.943045749361227,5.399542262011068,2.2421192890468697,0,0,Group 1,G1
7.919372664996274,6.985053297299656,4.044574424662066,0,0,Group 1,G1
10.218869011783548,4.828360031774954,1.7154288801266016,1,1,Group 3,G3
9.289192705371324,5.044534694162857,1.9984779129693235,0,0,Group 1,G3
10.88577398945028,4.309188626552145,1.0510243010116982,1,1,Group 4,G4
11.676929066953306,4.68080422509631,1.3053507716521455,1,0,Group 4,G1
11.547900384731207,3.786046818348464,0.6434958932228556,1,1,Group 4,G4
10.793437409410437,4.434107901584944,1.373634616088846,1,1,Group 4,G4
10.876423573892005,4.53163907498461,1.0385108745108176,1,0,Group 4,G2
9.01532245863273,4.6967561027799825,2.193198269734605,0,0,Group 1,G4
10.806475772281603,3.3624348895063756,0.5129970935451791,1,1,Group 4,G4
11.088663286031691,3.487090031966484,0.4293755563601984,1,1,Group 4,G1
8.930171242105871,5.107255875019041,2.6999896673251715,0,0,Group 1,G1
9.345871144108427,5.672383857880748,3.056202682523123,0,0,Group 1,G3
10.107918969469138,4.557641532086201,1.681042441368978,1,1,Group 3,G2
11.149593341440331,3.8288896823331955,1.218058854967286,1,1,Group 4,G4
11.98237590713172,2.6174035352800744,0.18646246519374077,1,1,Group 4,G4
11.53781778273648,4.206638898699587,0.8969995637849779,1,1,Group 4,G4
10.768822824038375,3.3319164346605197,0.3395890512580091,1,1,Group 4,G1
10.391849548776156,3.95095422976408,0.8088322845480496,1,1,Group 3,G3
9.692041339310292,6.1853291044894565,3.291470042717492,0,0,Group 2,G4
8.330274863503886,7.0009734910460715,3.9085663816354,0,0,Group 1,G2
7.812379236678404,6.635731664667215,3.1284930465865006,0,0,Group 1,G4
9.588957466079995,5.0763589878862065,1.926022469847813,0,0,Group 2,G3
11.41894803130135,3.5924443722345263,0.49233191173907165,1,0,Group 4,G1
9.998645510793553,5.875455608413696,3.328214635866976,0,0,Group 2,G2
11.061636919700055,5.30586550554995,2.9042784656541816,1,1,Group 4,G4
11.70001680454545,3.1572676902851464,0.24843470435678694,1,1,Group 4,G4
9.648741314669262,5.400037720499807,2.5228789120050252,0,0,Group 2,G2
10.191560388715398,4.392742144974783,1.2450250016289333,1,1,Group 3,G1
10.111388353258626,6.280069649599475,3.2517744158082516,1,0,Group 3,G3
9.757340432433946,5.454665953213845,2.580122778384676,0,0,Group 2,G2
8.929016138893186,5.435278575868497,2.5459328364243223,0,0,Group 1,G1
9.28370110800018,5.079187060842689,1.4268504474978054,0,0,Group 1,G1
11.551317966290316,3.6996161093561652,0.7496357110409162,1,0,Group 4,G4
9.516492436778789,4.6589969353514356,1.3686405282884686,0,0,Group 2,G2
10.356647554653401,3.7587265256127402,0.7782611554536254,1,1,Group 3,G3
8.818064776315357,5.409346646265552,2.097312667916362,0,0,Group 1,G1
9.724403412182687,5.102738144763561,1.9431546338235592,0,0,Group 2,G2
9.873336225242175,5.8131782944941905,3.6150062499155746,0,0,Group 2,G2
10.468912166540383,4.344315993013939,1.0271236207320826,1,1,Group 3,G3
10.40906059634291,5.3180115843257845,2.3745979116325326,1,1,Group 3,G3
9.921288623853275,5.594921718330644,1.4859987962488463,0,0,Group 2,G1
10.597293644935927,4.667618568483382,2.2647059345675546,1,1,Group 3,G4
8.531028416077092,6.042131649591203,2.6858671351407675,0,0,Group 1,G1
10.85322126083166,3.89310937432756,1.5793225595370746,1,0,Group 4,G3
9.691576313040239,5.136107234727975,3.1775495705266423,0,0,Group 2,G1
11.006255478762196,4.353227550993249,2.247735832654623,1,1,Group 4,G4
9.491266102687474,6.085579038294702,2.5073904799244424,0,1,Group 2,G2
9.616661865188128,5.070999505188556,2.5125351100556865,0,0,Group 2,G1
8.177376513641322,6.47508975199894,4.592638741116426,0,0,Group 1,G1
9.425720723909532,5.405898899287605,1.8718260559928512,0,0,Group 2,G2
9.030819333845699,6.056998564007998,3.526509005498843,0,0,Group 1,G1
9.574429217834545,5.433758763209246,1.9234374629098023,0,0,Group 2,G2
10.221347691839338,5.559811630394596,2.199529075542068,1,1,Group 3,G3
10.81467966961812,5.634261948560482,2.7488426423129395,1,1,Group 4,G4
10.772318612139486,5.234487856209844,1.5260271890044705,1,0,Group 4,G4
11.043188546211002,5.006809549600752,2.898799137672956,1,1,Group 4,G4
10.062822155808737,4.213303928496563,1.723152927221279,1,1,Group 3,G1
9.73167849087522,5.101566366510397,2.0716794203763156,0,0,Group 2,G2
10.459984679560057,3.9666079363240385,0.796522266465558,1,1,Group 3,G3
10.11715958279607,5.272243653103022,1.4914648715252992,1,1,Group 3,G2
9.540714210834267,4.591830110412442,1.457461770543464,0,0,Group 2,G2
9.196878055174894,5.595037612234168,2.1855165807831627,0,0,Group 1,G1
10.416101896239294,4.506680560038552,1.5191486364785187,1,1,Group 3,G4
8.523151515683242,6.812708231677389,3.568028017221712,0,0,Group 1,G1
10.775356764594099,4.31621384323002,0.7290307583227149,1,1,Group 4,G1
10.018199065364268,5.067172989530058,2.014822049232484,0,0,Group 2,G2
10.152961995457776,3.970109598662477,1.3304237994423316,1,1,Group 3,G1
9.257386432649323,5.438095502253028,2.817469146156813,0,0,Group 1,G1
12.235302409090558,2.681120129054545,-0.11732088401601493,1,1,Group 4,G1
8.921494451427666,5.083430932638461,2.2041446089161836,0,1,Group 1,G1
10.447271728651856,5.281276918042557,2.3464668799967394,1,1,Group 3,G2
10.057339865507643,5.825139035590056,2.653810337622934,0,0,Group 2,G2
10.556339467437045,4.052570031049069,0.9316206210221087,1,1,Group 3,G3
9.092893881124136,6.039472492152861,3.018260470038362,0,0,Group 1,G1
11.187491979056682,4.714834840645937,1.8761516165309255,1,1,Group 4,G4
11.792261548349886,4.169179625870486,2.061386058383712,1,0,Group 4,G4
10.116214233375983,4.286564070055189,0.09016995882645196,1,1,Group 3,G3
10.089818530397773,4.656169726878319,1.372640239275305,1,1,Group 3,G3
9.979404105410294,5.668789908211403,2.2528239164400117,0,0,Group 2,G1
9.377420733499086,5.598775912803355,2.2907288126600056,0,0,Group 2,G2
9.752475749764134,4.872776874324037,2.404952342525874,0,0,Group 2,G2
9.892183241535436,5.18692901570163,1.8683996104684089,0,1,Group 2,G2
7.733622933468734,6.958368255652355,3.3688570973791387,0,0,Group 1,G3
11.017487361521505,4.080187841834737,0.7595631598142676,1,0,Group 4,G4
10.311115194990943,4.163037076008264,1.2808514575006713,1,1,Group 3,G4
9.01726084641932,4.6237956827600835,0.8705576582172856,0,0,Group 1,G3
9.957766369340371,5.360778128748622,1.746487915433412,0,0,Group 2,G2
11.037163916165625,3.9771003996477026,1.5590391630351035,1,1,Group 4,G4
10.464813018593064,5.218588246492071,2.8553515574562063,1,1,Group 3,G2
8.799047716077954,7.062520819616346,4.195179177007608,0,0,Group 1,G1
9.52115257921228,5.334297745117448,3.297611202237729,0,0,Group 2,G2
11.177811488376477,3.544778816633527,1.0644632880767682,1,1,Group 4,G4
9.651427553149873,6.129653679238671,3.1525235188237133,0,0,Group 2,G2
12.012479177287807,2.8141547671437372,1.665355267913802,1,0,Group 4,G4
12.85961093206027,2.3670742190411587,0.21095782693046705,1,1,Group 4,G4
10.415130652645951,4.923548736678007,2.0862330283695596,1,1,Group 3,G2
9.640220521708217,6.485655680056745,3.8819441332435227,0,1,Group 2,G4
10.793618392595764,4.13477311776592,1.4274543501769468,1,1,Group 4,G4
8.092096181264434,6.330482713778543,3.1345368240923843,0,0,Group 1,G1
9.990164073277658,4.681100979001238,1.028122988978903,0,1,Group 2,G2
9.813391376264047,5.0367166741971126,1.6374339136422864,0,0,Group 2,G2
9.14431850927495,5.07016244584122,1.6736247999215232,0,1,Group 1,G1
11.569721048625725,4.109437984311834,1.157381078765353,1,1,Group 4,G4
10.709011199450789,4.090211691346224,1.1532657539853255,1,1,Group 3,G3
8.766299610298905,5.704639170882301,3.7666549497570854,0,0,Group 1,G3
8.901836590872245,6.67729837498314,3.7939121615356663,0,0,Group 1,G1
9.918780289917121,3.7059224610127526,0.31110637539453645,0,0,Group 2,G3
9.862512262125023,4.849202000701983,1.2160716341144702,0,0,Group 2,G2
9.234997437647282,5.335791999329494,2.036778588500208,0,0,Group 1,G1
11.718174493371343,4.290520488550922,0.9096380057431948,1,1,Group 4,G2
9.008071023115122,6.206452611987439,3.611919189544241,0,1,Group 1,G1
9.604252463916891,6.561643115959337,4.021701548890714,0,0,Group 2,G2
10.5125857390334,3.979291317050114,-0.2126585259182603,1,1,Group 3,G3
8.35640763505671,7.067649267612486,3.8030871979262164,0,0,Group 1,G1
8.84739957185298,6.517462893427991,2.785643072697513,0,1,Group 1,G1
9.975158393810556,5.083257060754969,2.180062644466259,0,0,Group 2,G3
10.44505310113379,4.012238476526019,1.405803703448211,1,1,Group 3,G3
10.42642228958844,4.060652325008629,2.111263800614772,1,1,Group 3,G3
10.323921333391713,5.233914915463016,1.2628780909820114,1,1,Group 3,G3
8.719490541169964,5.862647391974966,2.876727788986569,0,0,Group 1,G1
10.58307576795852,4.433282570626547,1.3354566713943004,1,1,Group 3,G3
10.878103237045917,5.009469405075988,1.9941697086886965,1,1,Group 4,G2
9.744422151490292,6.030190962301563,2.9068816839786464,0,0,Group 2,G2
9.699105851715043,5.063365166377895,1.728769675911361,0,1,Group 2,G3
11.236860848009739,2.6781289262483448,-0.4902250724359152,1,1,Group 4,G3
11.044151050334724,3.9131375485829536,1.4546822061502485,1,0,Group 4,G4
9.19412360299848,5.166143861538592,1.9089073350104415,0,0,Group 1,G1
9.46839342525492,5.412629818025621,2.2311257815377323,0,0,Group 2,G2
9.554209814135003,4.965295407669768,1.3315132920213189,0,0,Group 2,G4
9.656893103229642,5.179186061605269,2.127394301130965,0,0,Group 2,G3
8.617931780534706,6.32328943277731,3.2542139641381853,0,0,Group 1,G4
9.257037780949023,5.3674684206283665,2.004201304158062,0,0,Group 1,G1
11.350902980885252,4.234392534373033,1.4456976238693935,1,1,Group 4,G1
10.298523959270717,4.10127819488656,1.1210065853140123,1,1,Group 3,G3
9.768999120298059,5.55785150591779,2.643504282129521,0,0,Group 2,G2
11.512436987343738,4.050974196473199,2.174627703966133,1,1,Group 4,G4
10.447914242989118,6.08599036671885,3.0145466015400606,1,0,Group 3,G3
11.50383569844597,3.6912302898473976,1.3406102677176652,1,0,Group 4,G2
9.738263604176572,5.301236521393646,2.380452557085084,0,0,Group 2,G2
11.148291824767322,3.557060210606862,1.2572441385052393,1,1,Group 4,G4
9.730342353716889,5.79226296234234,2.1566483070681106,0,1,Group 2,G2
9.789657037144114,4.66562591289653,1.6271027046511801,0,1,Group 2,G2
7.451219515081711,7.567448543510243,4.212980401421922,0,1,Group 1,G1
12.750751018414956,3.239508030232194,0.1884565291295477,1,1,Group 4,G4
10.27544232232546,4.815918894659459,2.193500802049819,1,1,Group 3,G4
11.564361077623616,3.436782897013509,0.5773849268789175,1,1,Group 4,G4
10.41980512719625,5.761972766802644,3.0350426188196016,1,1,Group 3,G3
9.653741064246562,5.4708484670463475,3.019886225638139,0,0,Group 2,G2
9.799725776389371,4.917310526076828,2.0067098747167957,0,0,Group 2,G2
9.671864410811539,5.0234174189737155,1.993444621408188,0,0,Group 2,G2
10.023768598079407,4.891904192822723,2.189750153293324,0,1,Group 2,G4
9.852426657829888,5.540739791598443,2.6525124433535416,0,0,Group 2,G2
8.212913780024714,6.072951500334618,3.196894455332253,0,0,Group 1,G1
8.99778337636747,4.495471429573458,1.1656999597611133,0,1,Group 1,G1
8.947412695456286,6.240258568471123,3.1511759561109725,0,1,Group 1,G1
8.811051378709028,6.482277427889548,4.214436144207511,0,0,Group 1,G2
9.914500310803158,4.880848758084198,2.141069413023399,0,0,Group 2,G2
10.250175817395878,4.589616487847103,1.7387245302560825,1,1,Group 3,G3
11.219311332091827,3.194874965880542,0.6524288578816884,1,1,Group 4,G4
9.574933540608821,6.337191258325985,3.1891827665808723,0,0,Group 2,G2
10.829073440775003,4.1952094531918425,1.0712046106882127,1,0,Group 4,G4
9.79740700143624,5.7633503071270535,2.6738026066313534,0,0,Group 2,G2
12.615752776729664,3.3997492236880715,0.07341367641435892,1,1,Group 4,G4
9.865008056937452,5.9305510617560815,2.8124294778599586,0,0,Group 2,G2
10.622603212972656,4.072615583788147,1.4650063900783827,1,1,Group 3,G1
11.167824169518914,3.972287528646827,1.4640513348966775,1,1,Group 4,G4
9.213948687004073,6.502415731768426,3.216905762652847,0,0,Group 1,G1
9.589888308227787,5.3143392136892835,2.0559139593967597,0,0,Group 2,G2
10.077751257727996,5.368590893938004,2.219921029615781,1,0,Group 3,G3
9.5944771650109,5.098232068507982,2.5820198873748637,0,1,Group 2,G2
10.802363109577145,4.207389325956369,1.523166267752588,1,1,Group 4,G4
8.954131693662806,5.847503162962339,3.380532667009574,0,0,Group 1,G4
10.840007994851042,4.473204618318432,1.4869284357312593,1,1,Group 4,G4
10.21559534105562,4.489165891953503,1.7145793729946033,1,1,Group 3,G1
9.522296855904678,5.344116916511286,2.6230242204051937,0,1,Group 2,G2
10.275565947350144,4.677902671309644,1.3406656330454463,1,1,Group 3,G3
9.9594938335141,5.298820904428101,2.1747452991479737,0,0,Group 2,G2
11.462931758606818,3.741955711175172,0.9676780086000034,1,1,Group 4,G3
10.747735182335166,4.454842385234005,1.0031329234553286,1,1,Group 4,G4
9.421788568246406,4.569619741132749,1.6653544636879483,0,1,Group 2,G1
9.813161556517283,6.198810867101988,2.392621006785055,0,0,Group 2,G2
10.273198559538718,3.7314364996182814,1.551522750146531,1,1,Group 3,G3
10.053519259071729,4.928419561871918,2.4425242108348275,0,0,Group 2,G2
10.438577509093895,5.482616586901619,2.7409609867573748,1,1,Group 3,G1
10.99765154184207,3.964558168184945,1.2683295970534147,1,1,Group 4,G4
9.575730746976262,5.787578326151719,2.939466640591139,0,0,Group 2,G2
10.830650182446007,4.689215464577977,2.34622410417208,1,0,Group 4,G4
10.616762628426882,4.850491307071816,1.5982916678256984,1,1,Group 3,G4
10.513436210331404,4.789686097911305,1.0037269960601052,1,0,Group 3,G3
10.126447933795598,3.7590758942923053,0.7964462875053919,1,0,Group 3,G3
9.474647544078678,5.17924138753642,2.3375121918639032,0,1,Group 2,G3
10.870722963185942,4.205938220497128,1.5905400748852858,1,1,Group 4,G4
11.935910877666839,4.1395142876761035,1.3428439071174234,1,0,Group 4,G4
10.684803933219836,4.184691206374804,1.7453718152592195,1,0,Group 3,G3
10.559607501102736,4.379896603799658,1.7059892468940638,1,1,Group 3,G3
9.556220537958003,5.200969062520217,2.6849504285992323,0,0,Group 2,G2
11.276240624229704,4.084265132588141,1.8716182253297593,1,1,Group 4,G4
9.897380496060617,5.171151737092497,2.917643756427596,0,0,Group 2,G2
9.788631770225118,5.300268357296734,1.8843423353613236,0,0,Group 2,G2
11.899303322871086,3.6759631691423675,1.2305252869958634,1,1,Group 4,G4
10.553247664437064,4.643261179810253,1.5397917282814915,1,1,Group 3,G3
9.907703428381643,4.444868128838251,0.8048720535138816,0,0,Group 2,G2
10.937999945858621,4.887948227449688,2.4239194259896073,1,1,Group 4,G1
10.367555071309937,5.040791489466318,2.401525270302919,1,0,Group 3,G3
11.355277986161385,3.078880563475635,-0.36070675271692254,1,1,Group 4,G3
9.320171180774066,5.129081547279654,2.251125764073224,0,0,Group 1,G1
8.378367963306214,6.4557775597637015,3.3426516339842856,0,1,Group 1,G3
9.731634454654117,5.145812219029877,1.9314834591145005,0,0,Group 2,G4
8.63710954691943,6.387625816609981,4.269827255946565,0,1,Group 1,G1
9.529256001830177,5.373124704072025,2.489783878065705,0,0,Group 2,G2
9.459601491470002,6.1032287417600735,2.8048531192902737,0,0,Group 2,G3
7.539914104534892,8.782589514418213,5.481773985576313,0,0,Group 1,G3
9.51168817805663,5.8951013741820555,1.6699949914388823,0,0,Group 2,G2
10.486590259909192,3.6212120514861574,1.1687790470687092,1,1,Group 3,G3
10.557380844609781,6.051101284112317,2.9977071613756237,1,1,Group 3,G3
9.505196863443842,5.435572383958632,2.8228143195658055,0,0,Group 2,G4
10.098241489549476,5.815358518195651,2.727042620581145,1,1,Group 3,G3
11.401892912940587,3.216289821147472,-0.10297272686773962,1,1,Group 4,G3
11.082199483026493,3.6970520381482217,0.49319992414150104,1,1,Group 4,G4
9.733400474754953,6.086136526023141,2.6988875013453284,0,0,Group 2,G2
9.66075623182995,5.355834657187283,2.159037563778117,0,0,Group 2,G1
10.794060713909797,3.624621529064995,0.923290564639867,1,1,Group 4,G4
10.26750325925757,4.45910055316845,1.9678900499635505,1,1,Group 3,G2
9.748987204905989,4.6491153752707906,2.4523382162417837,0,1,Group 2,G2
10.067682263939068,5.25344290843938,1.9691272166710152,1,1,Group 3,G3
10.986773183270683,3.710167132707034,0.17813611306884902,1,0,Group 4,G4
8.465932941675696,6.698705135776806,2.894879591288874,0,0,Group 1,G1
10.108614262899279,5.929622902162268,3.0455695774476244,1,1,Group 3,G3
10.383476860608281,4.432618400872174,1.6705365693112504,1,1,Group 3,G3
10.486186138271554,5.198013750526893,2.7649998745233137,1,1,Group 3,G3
9.399621486608135,5.773232417381468,3.856481169658439,0,0,Group 2,G2
9.703794679154383,4.3784978329823465,1.2214018982106025,0,0,Group 2,G2
10.14578387981535,5.1612752806872475,2.6920536333035274,1,0,Group 3,G4
9.61129555902093,4.984080671970468,2.389864263102778,0,1,Group 2,G2
10.163551934392936,4.922618775762736,1.77859784791599,1,1,Group 3,G4
9.168396706508469,5.191528353767891,2.1046085454097394,0,1,Group 1,G1
8.667998710221513,6.508262863276843,4.305359444893444,0,0,Group 1,G1
9.085078452340278,6.299968805569464,4.078983104769347,0,0,Group 1,G1
10.342291165236416,5.45402221389196,3.4908369612994408,1,1,Group 3,G3
10.034879528208391,6.091581893557679,3.2771251350528896,0,0,Group 2,G2
10.08048496828772,3.9977213312766757,0.9462336477343933,1,1,Group 3,G3
9.963932962500417,5.013563855388271,2.0360473120616427,0,1,Group 2,G2
8.35976745285089,5.9927351222628085,3.4636699848090684,0,0,Group 1,G1
10.126823165997456,4.861652869591387,2.0031174963329454,1,0,Group 3,G3
11.294795178405408,4.297729986709306,1.225215821512147,1,0,Group 4,G4
8.870584735992487,5.646378336828114,1.914989201853578,0,0,Group 1,G1
10.205954762637774,5.081714716197447,1.903168557736676,1,1,Group 3,G2
12.961874002858544,3.164806884547152,0.6038111098744949,1,1,Group 4,G4
10.199447409652478,4.367283120386682,0.6295897665153727,1,0,Group 3,G3
9.780054729040577,5.629636874254853,2.639693947665293,0,0,Group 2,G2
8.796905748080206,6.606052642508288,3.6506065350872285,0,0,Group 1,G2
8.893852562008702,5.598456032200364,2.362603464490167,0,1,Group 1,G1
9.729877780208684,5.353164314657045,2.36775840938159,0,0,Group 2,G2
9.388462740663122,5.868656474820922,3.263054330498524,0,0,Group 2,G2
9.131207832091155,5.390162039928256,2.8049333734949005,0,0,Group 1,G1
11.22208993479777,3.5493112849336828,0.5855000567552291,1,1,Group 4,G4
12.195224284517312,3.4495955852347544,0.5211941148946886,1,0,Group 4,G2
9.843982607486524,5.020056483989408,1.8204395714129757,0,0,Group 2,G4
9.099866117274598,6.497775219935687,3.3339968358175387,0,0,Group 1,G1
10.150866036613452,5.066518295401833,1.6529724047723482,1,1,Group 3,G3
10.23022020800161,4.671093120888101,1.7523145256766572,1,1,Group 3,G3
9.5129333804075,4.756770510649875,2.1290556497094038,0,1,Group 2,G2
10.248889317741671,4.330138646970384,2.5839689559405934,1,1,Group 3,G3
8.554333851827165,5.267935464210106,2.4960612177437276,0,1,Group 1,G4
9.744130891360138,6.438035206491929,3.0884410578380637,0,0,Group 2,G2
10.623668356471267,4.008859363987232,0.9272784826457259,1,1,Group 3,G3
9.478202309941075,5.585775641930685,2.074475813186724,0,0,Group 2,G4
9.23879833813727,5.695342840347458,2.8709956610377243,0,0,Group 1,G1
11.703256012580034,3.9541047208447444,0.8070771437127728,1,1,Group 4,G3
10.093020881219578,5.003794971361458,2.0374269104635516,1,0,Group 3,G1
12.192710231108702,3.570200824758145,0.4246013275147116,1,1,Group 4,G4
9.563262175527838,5.702231119214206,2.7684765670300178,0,1,Group 2,G4
9.753189196956585,4.999211295425202,2.3752673558343074,0,0,Group 2,G2
11.609666657588887,4.641289061855176,2.0053974446384837,1,1,Group 4,G2
10.392235630902706,4.154711863056441,1.7900271032438768,1,1,Group 3,G1
10.409708867199763,5.420218504396309,1.7302916631481629,1,1,Group 3,G3
10.359611121431692,4.986462866242703,2.20741732882638,1,1,Group 3,G3
9.0187650264828,5.842178652739569,2.2452803041719327,0,0,Group 1,G3
10.365500270245455,4.049037303749559,0.6403816523233954,1,1,Group 3,G3
10.209802112526816,4.027822201367016,0.4638821903209216,1,0,Group 3,G4
9.82203976798187,4.5988038478148,1.724116564507117,0,0,Group 2,G1
10.420104906793373,4.62531456784627,2.0286507569456407,1,1,Group 3,G1
11.79197928387168,3.7610017218401692,1.6217510549256602,1,1,Group 4,G4
10.46364838363336,5.352822838402021,1.550200665240122,1,1,Group 3,G3
11.699741812233466,3.290700791397922,-0.07677686313198784,1,0,Group 4,G4
9.241988911194298,4.589828198006958,1.3150455575294697,0,0,Group 1,G3
7.806638048310052,6.181122646878542,3.0829269845860323,0,0,Group 1,G4
10.31177497254761,5.90792639981496,3.578449033864609,1,0,Group 3,G1
11.516876485899985,3.8029888074094225,1.2758288012229166,1,0,Group 4,G1
10.166113388406014,5.505080532345778,2.6533740089815927,1,1,Group 3,G3
10.093821311677443,5.086184028441354,2.453666200137227,1,1,Group 3,G3
10.63382530119847,4.433107506089378,1.6303113904909738,1,1,Group 3,G3
9.29143609817308,5.703510996140732,2.9940282683372716,0,0,Group 1,G1
10.419846786997779,3.5921483908952823,0.4073050853920628,1,1,Group 3,G1
10.382820582303365,4.154908166116753,1.1021294095782785,1,0,Group 3,G3
8.490925659779933,5.792770850838782,2.7692768596595965,0,0,Group 1,G2
10.264641876300198,5.04106972518129,2.021772088854145,1,1,Group 3,G3
11.586202120416518,3.61413239130356,0.4758835816455427,1,1,Group 4,G3
11.062744018449127,3.879714223722215,0.7405480983663328,1,1,Group 4,G4
9.698550153620936,5.354301936205992,2.4018612730025684,0,0,Group 2,G4
8.984032955630703,6.050396210025163,3.7048259988146244,0,0,Group 1,G1
10.42541413469192,4.688475673764807,1.711703628794577,1,1,Group 3,G4
9.025584026345147,5.157241846015782,1.92052298481278,0,0,Group 1,G1
11.42696096416428,3.5083775450419563,1.0765573199174645,1,0,Group 4,G4
9.853144713032439,4.611444236836744,1.4489006087085072,0,0,Group 2,G2
10.144279964699894,3.8680602177313625,1.3307021590068917,1,1,Group 3,G1
9.29137374456123,6.000755286686528,2.9002738736128557,0,0,Group 1,G1
8.871648019381453,5.898726847916031,3.097188195758747,0,1,Group 1,G2
10.740317247214469,4.362872567407291,1.5987925975665354,1,1,Group 3,G3
9.408086417009137,5.21299639941193,1.858562810719645,0,1,Group 2,G2
8.811577884452936,6.058234550784394,3.5831332944115895,0,1,Group 1,G1
9.45853772018277,6.212294049966426,2.3302205324643035,0,0,Group 2,G4
8.57483764319148,6.092697107439365,2.644560613895725,0,0,Group 1,G1
9.419763268808651,5.067570179614471,1.9876780110017807,0,0,Group 2,G2
8.90090942218371,5.014864261284169,1.309681049935886,0,0,Group 1,G1
9.02468580166574,5.616795896971952,2.71020142870722,0,0,Group 1,G1
10.767885833599198,4.605525154959412,1.8252132673245582,1,0,Group 4,G4
8.592831050295242,5.505132708743399,2.5566613381838987,0,0,Group 1,G3
8.852781623742578,5.916177868602722,3.6697965136688797,0,0,Group 1,G1
9.84035576056927,5.025673420833146,1.6240642701323815,0,0,Group 2,G2
10.81535230662854,4.570926806234051,1.9294465037398363,1,1,Group 4,G4
10.383548174747313,4.785404589201281,1.78242995525507,1,1,Group 3,G3
7.536022335918526,8.027104037182484,4.552070732946861,0,0,Group 1,G1
7.084268227047923,7.183223853508382,3.46183574790229,0,0,Group 1,G2
7.624223775336429,5.979587055209337,3.5427022725525577,0,1,Group 1,G1
10.514984241687996,4.612445881490402,0.5927373692455198,1,1,Group 3,G2
9.183106811867574,6.328636593499972,2.7557511457704016,0,0,Group 1,G3
9.788702996609013,6.1101111401437125,3.0927003067444403,0,1,Group 2,G2
9.22527353729752,5.3065356656224,2.0588596768322587,0,0,Group 1,G1
9.46805086071898,6.267471143675335,3.713825473061284,0,0,Group 2,G2
10.266808479884244,4.8946071952221315,1.9776061708459702,1,0,Group 3,G3
10.390636901866065,3.41564086627192,0.7162524706501203,1,1,Group 3,G1
8.718771349131337,7.242785464140905,4.335585866866435,0,0,Group 1,G1
10.120715414364206,4.889447570248339,1.5028855828647643,1,1,Group 3,G3
11.014870216214394,3.9595239502779656,1.4116254437502498,1,1,Group 4,G2
9.80404244923757,5.721066973562652,2.793683202297065,0,0,Group 2,G2
9.903392087298137,4.93616754820113,1.9994019446212454,0,1,Group 2,G2
11.008623238161121,4.784088109663787,1.7361286274670995,1,1,Group 4,G4
12.229325078830154,3.674030574693708,0.4668086080312177,1,1,Group 4,G4
9.537767445354364,7.226016102985952,4.582647908562112,0,1,Group 2,G4
9.820696647614803,4.7703245882407055,1.511319642661502,0,0,Group 2,G2
11.022806936418746,5.034882995564631,2.169225142421559,1,0,Group 4,G1
9.306260239391905,5.707755334837627,2.9355765716146163,0,0,Group 1,G1
11.37899134084747,3.2304798123440057,-0.5077208864090652,1,1,Group 4,G4
10.333186939843799,4.494083743367577,1.6463904524827004,1,0,Group 3,G4
11.063549075935693,3.731159342252522,1.3649625416285884,1,1,Group 4,G4
9.36168340482379,5.5356107576479845,2.5243621687061717,0,1,Group 1,G1
11.920699893033635,4.27101652441686,1.5939345915392054,1,1,Group 4,G4
9.767878314437167,6.251155045180269,2.4665506039279252,0,0,Group 2,G3
10.255288879948006,5.194389178163475,2.5409056362622664,1,1,Group 3,G4
10.911469166290447,4.5826234852495125,1.9095942284026182,1,1,Group 4,G4
9.265972099829797,5.202196715019018,1.645857956984313,0,0,Group 1,G1
10.550258097738235,5.192272771046842,2.07507992822732,1,1,Group 3,G3
11.51711904407442,4.241308265093612,1.4331575560949998,1,1,Group 4,G3
9.012159980474513,7.186059250155018,4.011813804666755,0,0,Group 1,G1
10.606573162875376,4.558631954311379,1.5735446088997844,1,1,Group 3,G3
9.227313688830101,5.751904091130772,1.9171131540465747,0,0,Group 1,G1
10.188569761336932,3.469211260485552,0.39135707966495525,1,1,Group 3,G3
9.088460331870479,5.551124056131715,1.9878500514350135,0,0,Group 1,G1
10.790302832535513,4.125863699159911,0.6198530491426923,1,1,Group 4,G4
11.137679752176313,4.719154602790117,2.005945642622749,1,1,Group 4,G4
10.824483969546929,5.556256166733556,2.8866498577897852,1,1,Group 4,G4
11.265652327531754,2.683153860638323,-0.28889402964759947,1,0,Group 4,G4
11.065914046725482,4.046811484408967,0.6916967447046858,1,0,Group 4,G3
10.582363770937661,3.843603895192336,1.2592884050070405,1,1,Group 3,G2
10.421376099602256,4.219905185164614,0.7894368998575918,1,0,Group 3,G3
11.733044489708318,3.753574098653682,0.3289746643255336,1,1,Group 4,G2
10.771729389527644,3.261883359868465,0.5087575634513359,1,0,Group 4,G3
10.726375819103856,4.210695412137872,1.4359798232622025,1,1,Group 3,G2
9.742110357218612,5.784061427983983,2.86505124944019,0,1,Group 2,G2
8.777701893026348,5.3404751282177045,2.686990181515469,0,0,Group 1,G1
9.99105998179427,5.082397676570367,2.636999146341604,0,1,Group 2,G2
9.608592392369918,5.475406884195952,2.2705805048919627,0,0,Group 2,G2
10.601258106833422,4.9089672309489805,2.1070990307763258,1,0,Group 3,G3
9.159361650646263,5.480836345284807,2.739851028573919,0,1,Group 1,G1
10.502766857688222,4.287552891217251,1.185800759053321,1,1,Group 3,G1
9.371848189886107,4.516479465055561,0.9909468736953713,0,1,Group 1,G1
7.47921576764651,7.186114273761955,4.876983022306754,0,0,Group 1,G2
9.878156442318314,5.461850853839817,3.055953372873063,0,0,Group 2,G3
10.211243374288731,4.456525889106819,1.3585011595269185,1,1,Group 3,G3
8.880059803387793,6.662819365645813,3.4518626117072806,0,0,Group 1,G2
9.884938536383375,5.224426903912281,2.6582213621302877,0,0,Group 2,G4
9.617366239899358,5.1056189324915575,2.8363891986945746,0,0,Group 2,G2
10.03552030184151,4.795980961692873,0.9365435465169203,0,0,Group 2,G2
8.993365733103843,6.727343957001082,3.360971329318725,0,0,Group 1,G1
9.705730061556297,5.590693111088976,3.66082912123186,0,0,Group 2,G2
9.75895518270564,4.579953938744611,0.9283695565160612,0,0,Group 2,G2
9.209578767513072,5.616728077332994,2.592485596610416,0,0,Group 1,G3
9.623605824263798,5.420394246556496,2.259797399829871,0,0,Group 2,G2
11.204563483742055,2.7301225880306497,-0.09141349495492834,1,1,Group 4,G4
9.821435477823744,5.5886120561682375,2.7531146463195926,0,0,Group 2,G2
9.187714399876139,7.166780715137689,4.500300958310782,0,0,Group 1,G2
10.853863148282647,4.444284003982133,0.506267733973156,1,0,Group 4,G4
8.513478813016054,5.703383645137437,2.2069616704376926,0,1,Group 1,G2
8.852457450448485,6.174982245177655,2.5211667469276366,0,0,Group 1,G1
9.628828219991558,4.054099119784611,0.7453157418018526,0,0,Group 2,G2
9.866893286123252,5.084071628089329,1.8783011320284797,0,0,Group 2,G2
12.12456338969833,2.8025686049269525,0.04623859374478001,1,1,Group 4,G4
10.202187414732427,5.410017230297596,3.034257750883726,1,0,Group 3,G3
9.344338155627833,4.544238110775579,1.303444016520155,0,0,Group 1,G2
10.043710203181373,4.958348237703294,1.997116454075499,0,0,Group 2,G2
8.464469051286132,7.072372967367688,3.373605436654505,0,1,Group 1,G1
9.965532533391375,5.076096191511671,2.0847218171221176,0,0,Group 2,G2
11.039029614409843,3.0058213259714766,0.029784324923595173,1,1,Group 4,G4
10.956161234220433,4.899877264070242,1.7766789207951073,1,0,Group 4,G4
8.730333847171009,6.283898860290997,2.7768258192764668,0,1,Group 1,G1
10.182773372169875,4.610945180295345,1.8859952720564466,1,1,Group 3,G1
9.913435634131128,5.172045187978282,2.070619290277537,0,0,Group 2,G2
10.847049825901768,4.429463919773067,1.484805673980675,1,1,Group 4,G2
8.138891426462651,6.669607671121908,2.416492450056184,0,0,Group 1,G1
10.462171540974696,3.828127147117075,2.053054882341459,1,0,Group 3,G3
9.978158371659088,4.091095917175861,1.1438520572596178,0,0,Group 2,G2
7.948417187539713,5.711635287110237,1.9469195104119237,0,0,Group 1,G1
8.360973748390862,6.560443553600639,3.0424730747124693,0,1,Group 1,G1
11.311392654165601,4.981454717464666,2.5280140318537776,1,0,Group 4,G1
10.350675762668205,4.732954416124054,1.798869262071117,1,1,Group 3,G2
11.277500406855907,3.1194372802541306,0.4051684024436304,1,1,Group 4,G4
10.683709261107161,4.999102888951561,1.3240534884862591,1,1,Group 3,G4
10.968875457395892,3.5820044816855816,0.7498676363528369,1,1,Group 4,G4
11.68415857153293,2.9364037518147508,0.7126763445490543,1,0,Group 4,G1
10.522548606471176,3.602594176882996,1.0614958563115124,1,0,Group 3,G3
10.069688576636,4.114798245066423,1.5446907866594912,1,1,Group 3,G1
9.976016052310014,5.746430153756718,2.3015426663439813,0,0,Group 2,G2
8.164063151970586,6.425040904237016,2.9802472052632765,0,0,Group 1,G1
9.69731807466923,4.826791249962477,1.8740724746603143,0,0,Group 2,G2
10.820189341652688,4.205042453719616,1.2234526153109757,1,1,Group 4,G4
10.60316017882137,4.278267010068124,1.2893117115520458,1,1,Group 3,G3
10.45703776486816,5.229292648289775,1.2255264363770149,1,1,Group 3,G3
11.480916117282435,3.451956574445347,1.223714703689053,1,1,Group 4,G4
9.578874855877693,5.016239336492005,2.3862267170296483,0,0,Group 2,G2
11.78200869342968,3.011140332687499,0.4986967196828678,1,1,Group 4,G4
10.485689734718818,4.857172170457667,2.6605407338547025,1,0,Group 3,G1
10.273438387981297,4.413496603604205,1.3606368547416618,1,1,Group 3,G3
9.268130857189682,5.356639381833741,2.437327849816199,0,0,Group 1,G1
10.08507689103137,5.150786378372964,2.150231933008413,1,1,Group 3,G3
9.735539877086252,4.809490638631073,2.0279047063569555,0,0,Group 2,G1
8.981113129030751,5.080715481114218,1.3484295219592486,0,1,Group 1,G1
9.377931564036391,4.741820432603477,1.7043075604734605,0,0,Group 2,G2
9.054181955776743,6.295802194957688,3.597526625064929,0,1,Group 1,G1
10.95796015505381,4.491390120298867,1.5695340419744994,1,0,Group 4,G4
9.00202579393499,6.233553050291151,2.986064297335311,0,0,Group 1,G1
10.75177137301416,4.798459390926739,1.748269803959761,1,1,Group 4,G4
9.814319776047968,5.408188718824787,2.4784388788690936,0,0,Group 2,G2
8.826838667801223,6.114197841244305,3.1834760141519194,0,1,Group 1,G1
9.031363270859114,4.290752940750965,0.5366401751533232,0,0,Group 1,G3
8.470831997546435,6.28063745787547,3.1456912818143525,0,0,Group 1,G1
11.653579475185557,3.559897688684469,-0.3205707540319427,1,0,Group 4,G4
11.165695597911752,4.449626159557288,2.095721818564512,1,0,Group 4,G4
11.390456893460986,4.461367493396656,1.2849583243194975,1,0,Group 4,G4
8.328363675639741,6.251635047218674,3.4150942191597755,0,0,Group 1,G1
10.415794030835771,4.5043060490918805,1.2334363191742985,1,1,Group 3,G2
9.502888820447755,6.0033426249890045,3.135845449835962,0,0,Group 2,G2
10.363050508950494,3.2771454300162635,0.34052013347671384,1,0,Group 3,G3
9.399568209959996,4.983444035840438,2.187294631913153,0,0,Group 2,G2
6.98614923651431,8.13824598913121,4.3300441715976135,0,0,Group 1,G4
10.155586413435053,5.704023357689809,2.0838774288616353,1,1,Group 3,G3
9.90091406621742,5.314251263467519,2.33840691139574,0,0,Group 2,G1
11.131765062298504,3.601253063525486,1.2122355836852505,1,1,Group 4,G4
10.020156654271283,5.286629374286056,1.5788705168017891,0,0,Group 2,G2
10.200009624642513,4.194609929112632,2.10365059495671,1,0,Group 3,G3
10.907065467561223,4.71348724418548,1.680661188631315,1,1,Group 4,G4
10.295029194229611,4.419661387537434,1.1713636995004904,1,0,Group 3,G2
9.955176492532706,4.724681565501442,2.02902065673518,0,1,Group 2,G2
10.065715567607539,5.449049462234414,2.3242951462429273,1,1,Group 3,G3
9.82127467904097,6.026867352518384,3.334850411021684,0,1,Group 2,G2
9.70466370827613,4.644797367463962,1.7586700257678738,0,0,Group 2,G2
9.149254115645824,7.25659363551032,4.810028482389518,0,0,Group 1,G2
9.859777753489379,5.1440731527953965,2.607552757021854,0,0,Group 2,G2
9.104307170871186,5.738413382415786,2.4442734859554394,0,0,Group 1,G1
9.939705597549825,5.882284954350507,3.6089787036385577,0,1,Group 2,G2
10.751613932710988,4.008376789915374,1.6329245525768832,1,1,Group 4,G4
10.721408358003142,4.916978654061129,1.772078040951524,1,1,Group 3,G2
9.022295902491669,5.764643782821838,2.585714874002235,0,0,Group 1,G1
9.436565484377823,5.467309699006733,2.2202562310591896,0,1,Group 2,G2
9.62426255234698,5.733848391601251,2.7508685948668137,0,0,Group 2,G3
9.129474125267176,6.033391724848933,2.33006395361869,0,0,Group 1,G4
10.994896059067987,3.5659672475984223,-0.05495825735480375,1,0,Group 4,G4
9.556873936750486,5.012674714783882,1.5120358717696545,0,0,Group 2,G2
7.671640956860408,5.641332413771118,2.132958852470016,0,0,Group 1,G1
11.557867001435612,3.969427053538637,0.9605973096305889,1,1,Group 4,G4
9.310832568086774,4.970512593275199,1.7739602781010502,0,0,Group 1,G3
7.898606202348313,7.229546103660153,4.061149148228472,0,0,Group 1,G1
10.683272852688114,5.545298184222148,2.3226837436953924,1,1,Group 3,G4
10.118788092238356,4.367814559004499,2.214459803220735,1,0,Group 3,G3
12.214269770214212,4.155482242284911,1.5605751593729968,1,0,Group 4,G4
10.644026528278411,4.9978046711733795,2.6045718867315255,1,0,Group 3,G3
9.18139169073604,6.065077936364203,3.723900102123615,0,0,Group 1,G2
9.416728176592997,5.057755830928036,2.4909490581613,0,1,Group 2,G2
11.696915981722665,3.4966401447779893,0.3288347485623846,1,1,Group 4,G4
10.920508682126327,3.7900510370444933,1.2813980749549332,1,1,Group 4,G4
9.556526143965002,5.240873162370881,2.798108776495295,0,0,Group 2,G2
10.80036550034794,4.388599327617884,1.0390978688049102,1,1,Group 4,G4
10.526778923414511,3.7217297679549453,1.5383532612569089,1,1,Group 3,G3
8.837502766770058,6.4374233213946095,3.1237836888509825,0,0,Group 1,G1
11.885620667093953,4.057616595223591,1.869164956068854,1,0,Group 4,G1
8.774447050000594,6.474488489276341,2.4315440550081044,0,0,Group 1,G2
11.028587496033209,4.543118063378635,1.5291938179046498,1,0,Group 4,G2
10.233380672203383,4.718487181815552,1.4868847312924103,1,1,Group 3,G3
10.846906953668162,4.499786104542251,1.5189920199508196,1,0,Group 4,G4
9.143865189740563,5.258277362768181,2.1412405137559936,0,0,Group 1,G1
9.099415281908414,5.899640205157518,2.622938761601191,0,1,Group 1,G1
9.857994234772432,3.7948968079195917,0.7017161282864177,0,0,Group 2,G2
9.443736704389696,5.5609649038352025,2.308580092324382,0,1,Group 2,G2
8.424510555448585,5.209493846799551,2.394663592973591,0,0,Group 1,G1
12.805798256707575,1.7502096078346905,-1.436460632060697,1,1,Group 4,G4
9.957545453364407,5.387148661284319,2.813978472309445,0,0,Group 2,G2
12.239226674586863,3.8921276369866806,0.46480648630936905,1,1,Group 4,G4
9.235118739533064,5.494219923014397,2.7607540441475362,0,0,Group 1,G1
10.465009458641571,4.430099271953927,1.5471542489044057,1,1,Group 3,G3
10.642008766123777,5.090590318199986,2.714805617481849,1,1,Group 3,G3
9.13106118460752,6.439841154913416,4.000767604151549,0,1,Group 1,G1
11.065675399106684,4.950501789470227,2.3062904147933487,1,1,Group 4,G2
12.034104864585274,3.280961144834433,0.46815118521424104,1,0,Group 4,G2
11.070138086957309,4.085249959437563,1.619434598143095,1,1,Group 4,G2
10.393319717341248,4.599613431453904,1.858065744821621,1,1,Group 3,G4
10.222001034624109,4.732013811568793,2.433338220350956,1,1,Group 3,G3
9.463411104119984,6.401622686657727,2.842349369678895,0,1,Group 2,G4
10.33774788316967,4.428730796485896,1.764373706552235,1,0,Group 3,G3
9.531174778304504,6.096510261429842,2.553606840168988,0,0,Group 2,G2
10.762846487867652,4.193804792757244,0.9851379401438256,1,1,Group 4,G2
9.807608485837802,4.433977011658257,1.5415262631471525,0,1,Group 2,G2
12.234405835152597,3.3673908939879764,0.3420418116780948,1,1,Group 4,G3
8.73831787463593,5.487342751117264,2.9045302309845153,0,0,Group 1,G1
10.272196198977122,4.495425700688084,1.6108352401518067,1,1,Group 3,G3
8.971954906526207,5.554294831374362,1.9469673951974313,0,1,Group 1,G2
11.192857110595353,4.5410531291223215,1.1925878962384036,1,0,Group 4,G4
10.995045002808357,3.6173970031790095,1.1771671359290794,1,1,Group 4,G4
10.284016480443375,5.078814119706849,2.1400279202816184,1,1,Group 3,G3
8.546702535061513,5.749629223620309,2.422219597696741,0,0,Group 1,G1
9.908020230100464,5.792406181784035,2.5002704656814454,0,1,Group 2,G2
12.105309914233125,4.22062816157517,1.400312471767213,1,0,Group 4,G4
10.64254450882845,3.703094054382859,0.5836067664354945,1,1,Group 3,G3
8.886511575995735,6.786542577502522,3.8193521584761454,0,0,Group 1,G3
11.147627490967414,5.174836350973768,2.65022602455991,1,1,Group 4,G4
10.43264721423131,4.103369162199725,1.2179895384938826,1,1,Group 3,G3
11.62699850480978,2.7562058672157295,-0.7202802057769468,1,1,Group 4,G1
10.023893778017268,4.888051300715401,2.260945974577815,0,0,Group 2,G2
10.262024267156418,5.273408815443602,1.779200454624719,1,1,Group 3,G2
10.650718615133536,4.7019717902199885,2.4975797316636617,1,1,Group 3,G3
8.992210670895599,5.598443451074407,1.9028211223709162,0,0,Group 1,G1
8.576276711325296,6.844102814684657,3.8279353734560804,0,0,Group 1,G1
10.758490096451519,4.698150335949154,1.3624098407303133,1,0,Group 4,G3
10.570409743730481,4.755174856706048,2.5608035753963923,1,1,Group 3,G3
9.358851496718957,5.4919459025625335,1.9832856179208644,0,0,Group 1,G1
8.76558804760952,6.765986484448307,3.4996626549242267,0,0,Group 1,G1
9.429621936868143,4.778426511841977,1.7492579315659236,0,0,Group 2,G2
10.315867418484782,4.900889189989894,1.2711953544025854,1,1,Group 3,G1
10.469974966829085,4.098575776652675,1.964617035273374,1,1,Group 3,G3
11.557754263332491,3.8470594608470403,0.2584247891380944,1,1,Group 4,G4
10.629009912688515,3.526727577888189,1.211441271259825,1,1,Group 3,G3
9.233140886525282,6.037846610821418,3.113500514554965,0,0,Group 1,G1
9.333092446278545,6.113658535374063,2.4123956819575465,0,1,Group 1,G3
10.46154306307179,4.493393296441188,1.6631392671672256,1,1,Group 3,G3
9.96826609043331,4.484202854956697,0.9602691821187201,0,0,Group 2,G4
9.003721151431055,5.764381516356705,2.1546849292372228,0,0,Group 1,G1
7.414310954149107,7.756403202155114,4.4658715697481846,0,1,Group 1,G1
8.56901318593185,5.787807443484892,2.841122051583208,0,0,Group 1,G1
10.033598595669257,6.025914079588007,2.8000064988736373,0,0,Group 2,G2
8.957972998427042,5.849084700927897,2.8273138877927213,0,0,Group 1,G1
10.274269449666624,4.460598448840402,1.6704803498486989,1,1,Group 3,G3
8.371075608594802,5.843820713975141,2.1220402171847996,0,0,Group 1,G1
10.13377610933666,5.760336473355776,2.588979731354943,1,1,Group 3,G3
8.710307906320919,5.721658815484116,2.2466853384458134,0,0,Group 1,G1
8.49018641476159,5.674379440682849,2.695875688221892,0,1,Group 1,G1
10.605104200825556,4.0056819671352315,0.7787601107142772,1,0,Group 3,G3
9.21308933718357,5.4247936404974855,2.624950029123677,0,0,Group 1,G1
10.720665624967845,4.679438610816947,2.914364867353763,1,1,Group 3,G3
9.416653978408716,4.533536608050483,1.4137247599561311,0,0,Group 2,G2
10.25423494722354,4.614140283941155,1.383271425363776,1,1,Group 3,G3
9.468261189186011,4.399190259314712,1.2571326037972947,0,0,Group 2,G2
10.617740525979452,4.556894718630011,2.2552884207018433,1,1,Group 3,G4
10.54164246538739,4.266054288404486,1.4254021034657844,1,1,Group 3,G3
9.258139305614954,5.483410156825775,1.7129869040852945,0,1,Group 1,G1
12.2013499381507,3.8947547400428455,1.0886971738433673,1,1,Group 4,G4
10.873537975207899,5.10225712734506,2.2479508666176238,1,1,Group 4,G2
10.273466782744265,5.098879109247633,1.625243241739597,1,1,Group 3,G3
10.731706809527235,5.630855578909319,2.8237824901075532,1,1,Group 3,G1
10.668258375017942,4.326597852041672,1.1753034301360268,1,1,Group 3,G2
8.885125138434068,5.060421988395002,1.8095024694235597,0,0,Group 1,G1
10.428319866181255,5.0238025723724,2.4136714460936326,1,1,Group 3,G4
10.039151442246492,5.095256548435111,2.326613629399158,0,0,Group 2,G2
9.458695183596518,4.8690883346526626,1.768148827969193,0,0,Group 2,G2
10.811341892009063,3.5892606770186175,0.5306890730980436,1,1,Group 4,G2
11.771420671703638,4.142964824829721,1.8203253050265846,1,1,Group 4,G3
12.048904290497626,3.650829224819839,0.7138618038216182,1,1,Group 4,G4
7.74102921532192,7.114179819019821,3.561457555751657,0,0,Group 1,G2
10.152619343267412,5.0428182646970825,1.7066250030302348,1,1,Group 3,G3
10.609481174001687,5.669058778250543,2.3834097992899155,1,1,Group 3,G3
9.828751038733827,4.604522098571063,1.416088800590185,0,0,Group 2,G2
10.101475256048403,3.44551147060855,0.5322407243025147,1,1,Group 3,G3
10.187104280272072,4.931436858200498,1.896312861465106,1,1,Group 3,G3
9.327004068239042,5.503017311624067,2.1906971481490096,0,0,Group 1,G1
8.64059612967983,5.748984177758241,2.7245172296625753,0,0,Group 1,G3
11.016031752371537,3.2608397427890785,-0.20130642028930712,1,1,Group 4,G4
8.46300992078527,5.654942945764976,2.271276506579049,0,0,Group 1,G4
8.776573999227447,5.740664342825281,2.770231720017023,0,1,Group 1,G2
9.62810364622819,6.435779584341471,3.5097380694419065,0,1,Group 2,G2
10.010620415667837,5.278554403221375,2.745583181715199,0,0,Group 2,G2
10.42498182261452,5.093170795171453,2.2706752556033223,1,1,Group 3,G3
11.1405708731219,4.031415448868383,0.4122928625130118,1,0,Group 4,G1
10.432331616088254,4.203344520843432,1.8750593302425131,1,0,Group 3,G3
9.427334315914903,6.497474080632921,3.252592090704946,0,0,Group 2,G3
9.291063614308765,6.270823206456544,2.4405086744049975,0,1,Group 1,G1
9.858787659010044,4.484136777481452,2.088402784056083,0,0,Group 2,G2
11.093028204893315,3.4111195776137273,0.4692937741918104,1,0,Group 4,G4
10.82569418892549,4.918203844517415,1.8229700049839785,1,1,Group 4,G1
11.544828377426832,3.75018774388864,1.1539041736894444,1,1,Group 4,G4
12.193717306305345,2.3836834955431714,-0.3367557086568045,1,0,Group 4,G4
8.81442762547169,5.524772605720561,3.118237400851081,0,0,Group 1,G4
10.880917376846238,4.375499485780015,1.2560631121894636,1,1,Group 4,G4
8.469317479588428,5.512941565036019,2.8957096713868533,0,0,Group 1,G1
10.860754066660286,3.4877760219373575,0.5817443437877896,1,0,Group 4,G4
9.690948511352723,4.969417517785623,2.376044703854523,0,0,Group 2,G2
9.638075714195724,4.7713451242066816,2.63883805911471,0,0,Group 2,G2
9.944349555599894,4.415444525223102,1.5113029744451838,0,1,Group 2,G1
11.144173094596194,4.122252470539644,1.2686161518183054,1,1,Group 4,G4
11.99910400334574,2.5174244461183504,0.12259444258480334,1,0,Group 4,G2
11.60888456827903,5.079601249250747,1.9687885998181258,1,0,Group 4,G4
11.013844283781982,4.586302945797284,2.006126309609711,1,1,Group 4,G2
9.969487225695648,4.743911892933873,1.8068571739762436,0,0,Group 2,G4
9.876661814975561,4.6956242770375285,1.9673145126911198,0,1,Group 2,G2
8.962482288583708,6.901483344415007,3.4593199070366585,0,1,Group 1,G2
8.321085768837232,6.497546323871382,3.108798915351411,0,0,Group 1,G1
12.113669224490192,3.7031078924801992,0.5552076293201136,1,1,Group 4,G4
9.921834836139539,4.690249678803994,1.676279601557424,0,1,Group 2,G2
11.3294393786131,4.003492564816588,0.8511548341616224,1,1,Group 4,G4
10.771106297880431,4.77503644350644,2.2921403533921714,1,1,Group 4,G4
10.773763082379666,3.8464137666381344,1.1091919554424994,1,1,Group 4,G3
10.935980955141831,3.5320330724810765,0.8402452172217418,1,0,Group 4,G4
10.819918546598862,4.60003826221727,2.3914251173183976,1,1,Group 4,G3
7.563847909407034,7.269104827377658,4.023096846285967,0,1,Group 1,G4
11.52331800101761,2.3719906512070876,-0.14533873677577924,1,1,Group 4,G3
10.097600517265311,5.643033299810962,3.130133829623292,1,1,Group 3,G3
10.041341664542005,5.719770577324213,2.585125744662596,0,0,Group 2,G2
9.002911483797323,6.5143857874122535,3.6089430040427017,0,1,Group 1,G2
10.032133223884744,5.362327981913709,2.502935917850914,0,0,Group 2,G2
10.260933899472043,4.705064838986419,1.6815027187920983,1,1,Group 3,G4
10.14292384374926,5.585409337857246,2.2680066563816634,1,0,Group 3,G3
9.203390050110675,6.5411077307080205,3.4340710556754255,0,1,Group 1,G1
9.926340106645391,4.259198347832592,1.5985308824923452,0,1,Group 2,G2
10.599162346765308,4.427770701522013,1.6634607783290818,1,1,Group 3,G4
11.650121463045606,2.916051733005423,-0.22280400439551196,1,1,Group 4,G4
10.90293122982751,4.750366457305458,2.543122760094227,1,1,Group 4,G4
8.602998942556892,6.197331042549845,2.98416081593008,0,0,Group 1,G1
9.949276032636604,5.796069256476714,2.5635842569549556,0,0,Group 2,G1
9.97085416019897,4.791108646596765,2.40910962157749,0,1,Group 2,G2
9.858672246479024,4.176905039877672,0.9388649208793458,0,1,Group 2,G2
10.629341092509476,4.407402899386971,0.9485149302958571,1,0,Group 3,G3
8.997455288943405,5.8660535424538685,2.6351017210829286,0,0,Group 1,G3
9.505588044109702,5.3964552504103205,2.2365498734698877,0,0,Group 2,G2
10.331497348411657,3.7020402443963185,1.3651233635388391,1,1,Group 3,G3
8.094609323567154,6.007325385855443,2.7722987416189535,0,0,Group 1,G1
11.37275113240418,4.138405747504702,1.769348586001217,1,0,Group 4,G1
11.19554422159717,4.682071074557612,1.5477667265015695,1,0,Group 4,G2
8.571874034790614,5.596715300539973,2.3973261019138876,0,0,Group 1,G1
10.327845696941115,4.465774850084765,1.0428709495752586,1,1,Group 3,G3
12.022614778131034,3.7018615434357143,1.3737619334462208,1,1,Group 4,G3
10.592462596742234,3.999039328524422,0.8086113396763086,1,1,Group 3,G3
8.216887975735762,8.836738350685145,4.800140734912214,0,1,Group 1,G3
9.919639433568276,4.869452723187082,2.734616166447429,0,0,Group 2,G3
11.128622807697779,3.0088555567708566,-0.020782241154417402,1,0,Group 4,G3
8.464556206380653,6.7524602947814305,3.3918499155103934,0,0,Group 1,G2
9.808604559169483,5.902065726411949,2.6326101371584816,0,0,Group 2,G3
10.401267601156665,5.0141407121427,1.661820954591431,1,0,Group 3,G1
9.866633412817771,4.923547984706086,2.022279238089998,0,0,Group 2,G3
10.157853444683756,5.663161060959645,1.9828534663989004,1,1,Group 3,G3
9.89523157775803,5.397124719374043,2.1386927718822197,0,0,Group 2,G2
12.204521492345803,2.391833182014732,-0.7863824901085752,1,1,Group 4,G4
7.02370735170247,7.732650290599077,4.110934961677355,0,1,Group 1,G4
11.457867541258405,3.419339626606879,0.426470732506524,1,1,Group 4,G1
12.46510508118444,2.813338634758208,-0.6552884362486506,1,1,Group 4,G4
9.443519457608819,5.589546293654733,2.539329174227105,0,0,Group 2,G1
10.742347744377915,4.965543024122099,1.599751214984417,1,0,Group 3,G2
11.311998668420388,5.155549313272864,1.551926975880992,1,1,Group 4,G3
8.310046075328085,6.81520767460759,4.4215136933954495,0,0,Group 1,G1
10.658254108563453,5.388359912922776,2.543124086451524,1,1,Group 3,G1
9.54329365379677,4.992788506892554,2.3347786135081634,0,0,Group 2,G1
10.193951232747526,4.939737891256952,1.6664992709856539,1,1,Group 3,G3
11.88304220278789,2.763848071278333,-0.4771981808303085,1,0,Group 4,G4
11.75725394635992,3.448012891101194,0.8104964772537409,1,1,Group 4,G4
11.318628008259731,3.168960235295259,0.5465460652649252,1,1,Group 4,G4
12.064557446682176,2.9921648235731113,-0.12080440209703891,1,1,Group 4,G4
8.853600150108162,5.017062938937746,2.118076506908791,0,0,Group 1,G1
10.735495996557122,4.880553460288876,1.254897027443134,1,0,Group 3,G3
11.950373262357015,4.830342037625191,0.7467073103547417,1,1,Group 4,G4
8.868389317521396,6.0534913464857825,2.4304871065777807,0,0,Group 1,G2
10.242322882494113,5.058747436858124,2.2317983966279433,1,0,Group 3,G3
10.076827226694562,5.569460032338024,2.132819491232616,1,1,Group 3,G3
8.602523702817237,6.24582223193263,2.7869355639463533,0,0,Group 1,G1
10.650969783591531,4.613567968259824,1.4486394948919252,1,0,Group 3,G3
11.068912853205028,4.683783578630855,1.3457987462722472,1,1,Group 4,G2
9.263035028097418,5.287799721410662,3.1509605684564246,0,0,Group 1,G3
9.779170783657351,4.368286944202851,1.2336445107178315,0,0,Group 2,G2
10.501840973781238,4.813465403688084,1.8467241638830494,1,1,Group 3,G2
9.74519622086513,6.066962449826744,3.359431058773984,0,0,Group 2,G4
9.379767764091454,5.2466607879976985,2.9394594215474505,0,1,Group 2,G4
10.42176068086566,4.293102100242917,0.5621169247642053,1,0,Group 3,G3
9.180601182078744,5.950841127110585,3.26064409095423,0,0,Group 1,G1
10.265154347312755,4.459189347742719,1.5312187538105946,1,0,Group 3,G3
10.374486179677037,5.2211862642992095,2.7365034084950555,1,1,Group 3,G2
11.713030407940568,3.6756168196598544,1.320166339616165,1,1,Group 4,G4
11.064008640218722,4.752491055703599,2.4771384025870367,1,1,Group 4,G4
8.895274099260025,5.9617513470924255,2.441766985383828,0,0,Group 1,G1
10.102898407437197,4.866692213345447,2.2861955029574457,1,1,Group 3,G3
11.08425076660653,4.874689997379036,1.987443409128412,1,1,Group 4,G3
10.025848226640793,4.975882666172576,1.7055768256912343,0,0,Group 2,G2
8.628434708263383,6.6067224397440345,3.648578534388631,0,0,Group 1,G1
9.403246693935133,5.070470697419186,1.7136715982731898,0,0,Group 2,G2
9.92876626588638,6.100075962875175,3.2742101770960907,0,0,Group 2,G2
10.788702560238452,3.781755693590467,1.5157231200832306,1,1,Group 4,G1
10.950817445143096,3.5096881835644895,0.6866971332996297,1,1,Group 4,G4
9.008016681362037,6.111919726208332,2.7773138325665707,0,0,Group 1,G1
10.056389916964662,4.477226701823549,1.1637231492068227,0,0,Group 2,G4
10.472665307376252,4.972822356809197,1.531948652862692,1,1,Group 3,G3
9.6083018321982,5.76023198062777,1.573453597624114,0,0,Group 2,G2
10.941154242703337,4.399052596869876,2.2809835304917376,1,1,Group 4,G3
11.380782602513163,3.646348175914122,0.9077315790224076,1,1,Group 4,G1
8.819738595101386,5.82908584131348,2.303843268309908,0,0,Group 1,G1
9.565782239177244,4.590704525538947,1.4765848497225498,0,1,Group 2,G2
10.986791504455086,3.6754729676537066,0.28145675987150387,1,1,Group 4,G4
9.982358030132445,6.286428798456855,3.446714606194244,0,0,Group 2,G4
10.334002790398378,4.2613866704497765,1.369151016946566,1,0,Group 3,G3
10.7465372166435,4.596353884805644,2.4496545825892113,1,0,Group 4,G4
9.140755811044352,5.058341321804921,3.086512725955592,0,1,Group 1,G1
7.830510227944066,5.974299850368286,3.2718762469955256,0,1,Group 1,G3
9.720375472257446,5.986105270646319,2.822901971222359,0,0,Group 2,G2
11.30169332938665,3.7947591208669786,0.1925391153356395,1,1,Group 4,G4
9.61234453402638,4.732089146707344,2.0883510657983226,0,0,Group 2,G1
8.873056810586402,6.047845233991196,2.5323169682740208,0,0,Group 1,G1
11.09150608369316,5.125358152056887,1.863672908959715,1,1,Group 4,G4
7.354750537972938,6.526749645247121,3.526070193430858,0,0,Group 1,G2
9.475296410474622,4.275307265123098,1.5684433254278325,0,0,Group 2,G1
10.654350050064645,5.168467770372541,2.382009433160543,1,0,Group 3,G2
9.473054861651004,6.2569911680929255,2.8067754070875037,0,0,Group 2,G2
10.67885467630429,5.346967019191659,2.260498256296516,1,1,Group 3,G3
9.308965651811093,6.4717766286314005,3.2124361236529158,0,0,Group 1,G1
11.13809078176562,4.387546126167174,1.7960942790908374,1,0,Group 4,G3
9.483320927708615,4.410092034622386,0.8330438574159411,0,0,Group 2,G2
10.9084009035996,4.6022282309903835,1.7019126319600204,1,1,Group 4,G2
9.354445765066558,4.959791804374486,1.5434657505128717,0,0,Group 1,G1
10.469302010763647,4.399299014457656,1.6923751252830839,1,1,Group 3,G3
9.133059810774562,5.677497048226945,2.625594520874119,0,0,Group 1,G2
11.512899584184908,3.1858747207822233,0.918204987325832,1,0,Group 4,G4
9.37426925611243,7.139445401753395,4.2727132284812495,0,0,Group 2,G2
10.017413633110824,4.284799233407262,1.847296279650335,0,1,Group 2,G3
9.286269270793133,5.269231215885924,1.821927822014924,0,0,Group 1,G1
10.72787181594189,4.333063751732845,0.8821907351386158,1,1,Group 3,G3
8.66126740968572,5.602338354611929,1.8858451534400191,0,0,Group 1,G2
10.513188213814429,5.061764630634157,2.032050435976039,1,1,Group 3,G3
8.380411732581369,6.983781139255658,3.0092307602130077,0,0,Group 1,G1
7.947293326926198,7.218800916897723,3.2727935083153183,0,1,Group 1,G1
8.843489564048891,5.542126618759541,1.7675332412456441,0,0,Group 1,G1
8.287698331396635,6.746681122735948,4.028158505648209,0,0,Group 1,G1
10.524995856617013,4.590077139502961,2.0811981921643876,1,0,Group 3,G4
10.828241052397843,4.581708282733255,1.5130541673434061,1,1,Group 4,G4
11.754563143542795,4.3361135262395605,2.276237220293818,1,0,Group 4,G4
10.622096116876437,5.055151315511643,2.608589743514202,1,1,Group 3,G3
9.852499814788008,4.132185172353936,0.76014212056449,0,0,Group 2,G2
11.802834918479936,4.251643524194488,1.4882583538787246,1,0,Group 4,G4
9.93981070856852,4.8600255624448065,2.4326303358521275,0,0,Group 2,G2
10.561827309117872,4.0772001538161975,1.459174896466111,1,1,Group 3,G3
10.172184426439387,4.937785437113424,1.6433653468690226,1,1,Group 3,G3
11.258176590811516,4.313316462688341,1.1602193075964595,1,0,Group 4,G4
8.250739018447582,6.005107727829949,3.51626296742624,0,0,Group 1,G1
9.96068252647023,5.201916159893368,1.8040497113068592,0,0,Group 2,G3
9.563245338686192,5.5380423196530995,2.6684399879467455,0,1,Group 2,G2
10.034686933231896,4.8634314738847,1.5995498565724375,0,1,Group 2,G3
10.832218637051081,4.799173092287571,1.7419339622171148,1,1,Group 4,G4
11.247106559518816,4.693863658495622,1.650741225781025,1,1,Group 4,G4
9.255458260345373,5.576276521233472,2.160767133967011,0,0,Group 1,G1
10.183906689161033,4.907088571313626,2.201976180726215,1,1,Group 3,G3
10.483941944857825,4.622202719498929,1.3145405571867301,1,1,Group 3,G2
10.368240555232084,4.514016736371753,1.6985054991466573,1,1,Group 3,G3
10.220931714692375,4.759713736168239,1.4728655276771117,1,1,Group 3,G4
9.110991808501305,5.703518265645806,2.5535679964688773,0,0,Group 1,G3
9.697611456456958,5.861590047175545,2.236916852158492,0,0,Group 2,G2
8.467591174592886,6.543223450672144,3.9485389247324463,0,0,Group 1,G3
9.541033728353934,5.105962835202636,2.288475836627436,0,0,Group 2,G2
9.227442974729358,5.237164462480473,2.2719510775304927,0,0,Group 1,G1
11.16995337388493,4.5852331307034655,0.9637242077336796,1,1,Group 4,G4
8.56884649834247,6.273243328165372,3.2205971006478573,0,0,Group 1,G1
11.085188757705572,3.984362006034629,0.558920207183139,1,0,Group 4,G4
10.003842573106438,5.240897468966898,2.416272831180176,0,0,Group 2,G2
9.321599080403757,5.978173269462685,2.8871457889758423,0,0,Group 1,G1
11.778344399274902,3.710255233750859,1.0108493834452434,1,0,Group 4,G1
10.006475487254221,5.109884068970043,1.9303276190921506,0,0,Group 2,G3
9.689167320625648,6.170320949921318,1.967754547197845,0,0,Group 2,G1
11.125965664635999,4.440326146445396,1.397288948644155,1,1,Group 4,G3
8.958075018600155,5.230722161550472,1.7006400791291183,0,0,Group 1,G2
9.690357958275719,6.895967420798767,3.7505185169146023,0,1,Group 2,G1
11.159917329910877,2.7346344025408635,0.26733134899041144,1,0,Group 4,G2
10.732372775719897,5.194665234618324,2.3489008281904904,1,1,Group 3,G1
9.948133396603495,5.02542840790497,1.7891620804728978,0,1,Group 2,G2
9.645851323384182,6.418096077607181,3.8056706858471827,0,1,Group 2,G2
9.190085715777048,6.122894746885943,3.0512139050084777,0,0,Group 1,G1
9.775467861540578,4.687595977631633,2.1671888056806417,0,0,Group 2,G2
9.492784673874645,5.519199920543184,2.9529825143739057,0,0,Group 2,G4
11.056295821403314,4.105209908355526,1.0812946303774913,1,0,Group 4,G3
11.343607696809332,4.2231808391871795,1.0702568909361756,1,1,Group 4,G4
10.209720708174878,4.034749065389507,1.6548150883733648,1,1,Group 3,G3
11.86310804389944,3.394049423379278,1.0200029810755187,1,1,Group 4,G4
10.45225991085899,5.004438157890042,1.705168628175769,1,1,Group 3,G3
11.222695656857585,3.8355617804792823,0.8471750565399943,1,0,Group 4,G4
11.349227553085408,4.012084916517183,1.0914486657543168,1,1,Group 4,G1
11.751597646900866,3.249082031478601,0.8223076860020342,1,1,Group 4,G1
10.921750245554486,4.279918074990218,1.8713175026908113,1,1,Group 4,G3
8.003300813837606,5.952270605751602,2.3808376362444537,0,1,Group 1,G1
11.302145381980683,4.304450385248787,1.736929652747077,1,0,Group 4,G4
11.987655087733977,4.179205953886047,1.3749589116665413,1,1,Group 4,G1
8.482696053924466,5.378522761424375,1.678008939409327,0,0,Group 1,G1
10.74034174853116,3.5222135003794937,0.9416019488889795,1,0,Group 3,G3
8.494272358562947,5.053677690578839,2.0578671040732583,0,0,Group 1,G1
11.11374817238238,4.4772958982655355,1.6255156755138669,1,1,Group 4,G3
11.581993034295053,2.8045271718327647,0.003414331637767054,1,1,Group 4,G2
9.93416534378698,4.931497996964549,2.238876422218506,0,0,Group 2,G1
8.580535646871187,6.027542015799421,2.9013161842347626,0,0,Group 1,G1
7.8634870866752955,7.877669088244129,4.238442345010519,0,0,Group 1,G1
10.591271320027147,4.936136714813225,1.465204223991881,1,1,Group 3,G4
10.293715087634027,4.598883397598252,2.32876516121288,1,1,Group 3,G1
10.440592650246415,4.4941884045208305,1.556644051729259,1,0,Group 3,G3
9.321265811974785,4.4738414135046645,1.2926293750305307,0,1,Group 1,G1
10.132247278054447,4.788760977297812,2.1957646207995603,1,1,Group 3,G3
9.675049931597195,4.489077954953557,2.397467089007114,0,0,Group 2,G2
8.855088752076632,5.403610666331086,2.5303623633285497,0,0,Group 1,G1
11.69176989357785,3.5452218138332845,0.941358890482868,1,1,Group 4,G4
9.470065652229549,5.336458928370519,1.9894093768788454,0,0,Group 2,G2
11.010550879249683,4.361652857637173,1.2465009014732282,1,1,Group 4,G4
10.209811395538125,5.512093964121333,2.7894014592392278,1,0,Group 3,G1
9.14176421331969,6.253242437117264,1.869950512613385,0,1,Group 1,G1
8.908851698213883,7.493199629848276,4.3153037889689365,0,0,Group 1,G1
10.47100927846207,4.125872593843953,1.8361502115052797,1,1,Group 3,G4
9.923623361952052,4.820072859014774,1.5073040138521492,0,1,Group 2,G2
9.432529817581388,4.569596767272931,1.4720226196503516,0,0,Group 2,G2
10.376486513487277,3.3354042839804063,0.6020275018153782,1,0,Group 3,G2
10.380405119751137,4.296549086859927,1.7074795195266894,1,1,Group 3,G3
10.230799796432581,5.331905226795093,2.7379980397325565,1,1,Group 3,G3
10.215715026912964,5.787122471859955,2.9209124775305226,1,0,Group 3,G3
10.920385173959986,5.153223438351289,1.7224284051517946,1,1,Group 4,G4
11.373153880740956,4.149346379584248,1.1722323850585092,1,1,Group 4,G4
10.505969226186982,4.339960316899292,0.8220135765506924,1,0,Group 3,G3
9.778734317640781,5.019012436726109,2.506740624497704,0,0,Group 2,G2
10.368731922736803,6.288093815488768,3.3713036468111124,1,1,Group 3,G3
9.497023775571664,5.152260195116956,2.5435826109164545,0,0,Group 2,G3
10.348148121076383,4.867993635498005,1.7230332167766216,1,1,Group 3,G3
10.155921183296236,5.0995439673927025,1.1702367370327533,1,1,Group 3,G4
10.724205206035116,4.005385166349107,1.0226952536066887,1,1,Group 3,G3
9.550131648315483,5.5969880662940374,2.4035396319163844,0,0,Group 2,G3
9.993481468671236,4.79896806204405,2.218501265521078,0,1,Group 2,G4
10.3175256121521,3.78461746140882,0.9068687404488414,1,1,Group 3,G4
10.751010355776964,4.409968855781074,1.3329996913456106,1,0,Group 4,G4
9.849997624760778,5.760985936298382,2.5214104223570213,0,1,Group 2,G2
9.87078231352656,5.360989493481882,2.4705099197821485,0,1,Group 2,G1
8.719128970323025,6.162789320807944,2.8993207148109854,0,0,Group 1,G2
10.589380016471313,4.27073668440908,1.8889745487897804,1,1,Group 3,G3
8.482270625408928,4.440123654704299,1.0199697183556033,0,0,Group 1,G3
11.09927041687316,4.858301857263663,1.258850061936178,1,1,Group 4,G4
10.317167318558287,4.023190847546102,0.9730581626604466,1,1,Group 3,G3
9.810354930973693,6.125619936844393,2.4775779608985613,0,0,Group 2,G2
11.025152356392553,4.4579222688061835,1.414066701251456,1,1,Group 4,G1
11.2525448966785,4.27503462517287,0.6083563425144607,1,1,Group 4,G4
8.570683530608534,7.481464707907978,4.134547273582772,0,0,Group 1,G3
9.425836134229796,4.912225160119292,1.9587876119800944,0,0,Group 2,G3
9.606099774780716,4.868250768643422,1.0771049356463824,0,0,Group 2,G3
10.085724291535078,5.274385098166303,2.3855853993816307,1,0,Group 3,G3
11.130957038541208,4.736701894674878,2.4981122003406337,1,1,Group 4,G4
9.646156278549412,4.420886041926726,1.6586377328143393,0,1,Group 2,G2
9.327473276666312,5.5786733442546375,2.6168651323489986,0,0,Group 1,G1
8.533689019606669,5.518000599344813,2.750408095029845,0,1,Group 1,G4
8.282232427579396,5.876021647000576,3.055695369290989,0,0,Group 1,G1
11.161847921953648,4.822013863524882,1.3693291318558385,1,1,Group 4,G1
11.399668676324847,2.6426570141037975,-0.34557518387777897,1,0,Group 4,G4
8.603203826525636,4.43214893636396,1.5325928751478615,0,1,Group 1,G1
9.428596303049467,5.199496891893589,2.8457062325425215,0,1,Group 2,G2
9.233505982805243,5.906265830082528,2.7731489931830215,0,0,Group 1,G3
11.113728389912115,3.575931168880072,1.4524689757366318,1,0,Group 4,G4
9.017868665002563,5.957046225204526,2.6165044846604304,0,0,Group 1,G1
10.912809426374146,3.6201899711304133,0.8852567356683525,1,1,Group 4,G4
9.79393588539098,6.138643457494773,3.83806640083409,0,0,Group 2,G3
8.67697627856452,5.45704107809315,2.499577088691366,0,0,Group 1,G1
8.266628141915792,6.361057024668872,2.5616243497707707,0,0,Group 1,G1
9.822222139345454,5.894874274714182,2.419231971873722,0,0,Group 2,G2
10.827231478420277,4.2758885636503505,1.1357383031028188,1,1,Group 4,G4
11.395541835793509,4.316262868790566,1.8882461643079513,1,1,Group 4,G1
8.439452888946361,6.079234633174998,2.163621447776279,0,0,Group 1,G1
10.326906928258603,4.560455407921161,1.8191109961027314,1,1,Group 3,G3
10.458976870264781,5.9374947492863885,2.6830358770332214,1,1,Group 3,G2
10.450030142810066,5.167715619591651,1.7115268026576178,1,1,Group 3,G3
10.100049490773037,5.400960548282855,1.9058382503747762,1,0,Group 3,G3
11.608003809149396,3.7736671922845146,0.8914524621866544,1,1,Group 4,G2
10.954071516656397,4.889912949362552,1.1803153946244014,1,1,Group 4,G3
10.37772974245915,4.477087216094363,1.42539510027561,1,1,Group 3,G3
12.297297694780125,3.4480431401727816,1.168767270875954,1,0,Group 4,G4
9.63797818186909,5.5535167595000665,2.0909105711785068,0,1,Group 2,G2
9.100383758955035,6.7639989862331005,3.3297016939403177,0,1,Group 1,G1
11.591964571312149,3.7603303507102064,0.23633565754770958,1,0,Group 4,G4
8.667402752720463,7.100619171027238,3.91195653668084,0,0,Group 1,G1
10.340741911363665,4.535384576034714,1.9436662142092598,1,1,Group 3,G1
10.74067945737075,4.26406108047193,1.1593749841784349,1,1,Group 3,G3
8.745383075147185,6.764994564824672,3.0478320537413968,0,0,Group 1,G2
9.70708013355651,5.066592433919297,1.939750911979789,0,0,Group 2,G2
11.109945230480822,4.315777409140785,0.612652945638976,1,1,Group 4,G4
9.330188190796584,5.603966092767104,2.4226919678553354,0,0,Group 1,G1
9.865918607469732,5.412277390670709,2.710348670765685,0,0,Group 2,G2
9.904243995961108,5.270079918171322,1.9004658477549778,0,0,Group 2,G2
10.273141791643637,5.460811974962988,2.7227038302029065,1,1,Group 3,G2
10.388848922467062,4.733825446342133,1.949730429317258,1,0,Group 3,G3
11.901191678135222,4.4864296975203155,2.3259835350867792,1,1,Group 4,G4
8.455445159349251,6.377475083194789,3.79240828049135,0,0,Group 1,G1
10.135353528859186,5.550861696322095,3.669980090545498,1,1,Group 3,G3
10.052036230813693,4.720674468565147,2.27209981935596,0,0,Group 2,G2
7.824721248268163,6.531979098682507,3.719249664207265,0,0,Group 1,G1
10.644279098033719,4.518098993387203,2.1909039716100827,1,1,Group 3,G3
10.185849106336637,5.2328820785092995,2.984682811021652,1,1,Group 3,G3
10.35371914032801,4.0462885862508156,1.2750109779560814,1,1,Group 3,G3
9.41644296040042,5.752921859098896,2.985505285313833,0,0,Group 2,G2
8.901697672783968,5.411780401994604,1.8630320618247858,0,0,Group 1,G1
7.568165519750831,7.428341368118457,3.870086666291137,0,1,Group 1,G1
9.81850031490128,4.217271996715351,1.487506584907619,0,0,Group 2,G2
9.002570062807962,6.053277070758092,3.2300692520570213,0,0,Group 1,G1
10.12890902540378,5.012612673792947,1.7174283745524495,1,0,Group 3,G2
9.868849882461097,6.479282932053179,3.023474938808849,0,0,Group 2,G3
9.35658497904134,5.485279041686306,2.2882267076210026,0,0,Group 1,G1
10.49263594452795,4.08013501957233,2.0270713256398425,1,1,Group 3,G3
11.5421025810185,4.242949944744762,1.3852716592123426,1,1,Group 4,G4
9.728105643921571,5.873806948058897,3.0040680323663427,0,0,Group 2,G2
10.8032615364284,4.811666134510883,1.2737952768822236,1,0,Group 4,G4
9.21506247681037,5.712054592132725,3.856408207437104,0,1,Group 1,G1
9.348719950068686,6.913284096019192,3.7399581982596275,0,0,Group 1,G3
10.32989064762243,4.770392020935513,1.645833615532376,1,0,Group 3,G4
10.147880925093753,4.486325165069295,1.1601988894508823,1,1,Group 3,G3
10.490032848283493,4.57044340954638,2.0646936683205985,1,1,Group 3,G3
9.24822102850249,5.4948236723491855,2.675739110776608,0,0,Group 1,G1
10.545916142513203,5.261957526490358,1.9684468591395372,1,1,Group 3,G3
10.907939067773281,3.753484375385249,1.7780443510637531,1,1,Group 4,G2
9.659282696247214,5.536046110913502,2.1819708931081396,0,0,Group 2,G2
9.459648888204674,5.799556981986987,2.2584553399762815,0,0,Group 2,G1
9.55326145023661,6.139854261045688,2.9451418679964787,0,0,Group 2,G4
9.10216717521714,5.664700874292982,2.4128672149354733,0,1,Group 1,G1
10.689183805319566,4.990054877465185,1.744309825123992,1,1,Group 3,G3
11.450266981110428,3.562949226362992,0.6217212140583985,1,1,Group 4,G4
8.956726410197785,5.33641688590578,2.68846867043349,0,0,Group 1,G1
12.219745885222606,3.000858319290018,-0.04158849258563935,1,1,Group 4,G4
10.422489620751419,4.341082069669951,1.7656570905741085,1,0,Group 3,G3
12.214360937430492,3.677807885220141,0.9848148613736787,1,1,Group 4,G4
11.040812610495648,5.072081338073813,2.290996819110072,1,1,Group 4,G4
9.262421440325593,5.4966585480156995,2.9343271135343674,0,0,Group 1,G1
10.151998981100856,4.712602890786618,1.875034675490655,1,1,Group 3,G3
10.629006873336548,3.7432300648822734,0.844103080118034,1,0,Group 3,G1
10.05156261763274,5.647292256828129,2.1259388377010273,0,0,Group 2,G3
8.560477150120814,6.033754023612838,3.60641694387506,0,0,Group 1,G2
9.698928183186858,4.220136238782324,1.8579952256604226,0,1,Group 2,G2
10.013089120448774,4.248990304642445,0.9983426269634632,0,0,Group 2,G2
9.248006406002247,5.744765446220503,2.484898278100659,0,0,Group 1,G1
8.233836633806462,5.087899591611061,1.9322941550147117,0,0,Group 1,G1
9.631951843183392,4.81595172339476,1.4537435262627922,0,1,Group 2,G2
10.370584418711372,4.231751736087203,1.2789101136112793,1,1,Group 3,G3
10.7365846302253,4.594242105771299,1.5611244940209281,1,1,Group 3,G3
11.593273250724582,3.7250610812242213,1.2161163635276218,1,0,Group 4,G4
8.503629528843806,6.836596376865187,4.046936220373102,0,1,Group 1,G2
7.871164474519862,7.245187663908181,3.998270379315149,0,0,Group 1,G1
8.795911818327042,5.945130502041543,3.3186395969451437,0,0,Group 1,G2
10.738092431215177,5.260722900393434,1.863927358564252,1,1,Group 3,G3
11.81899606991274,4.460713397338056,1.808246269529583,1,0,Group 4,G4
10.248202905174198,4.900975840110182,0.814942480915855,1,1,Group 3,G3
7.789980899397449,6.915571778099794,3.830053277648589,0,0,Group 1,G1
10.649545626647196,4.996674897227627,1.8810015688528714,1,1,Group 3,G3
10.097359200747565,5.5823333403898765,1.8134918093815355,1,1,Group 3,G3
9.46051702161017,5.439369639807376,2.546970606957377,0,0,Group 2,G2
9.715244798624544,5.354567557330054,2.2016571777082903,0,1,Group 2,G2
10.177036765726896,4.946080320941828,2.3427042811055765,1,1,Group 3,G3
10.205621080043638,4.4040722588998165,0.9014962713245287,1,1,Group 3,G3
9.124486567461622,5.837295300610407,3.382464530396926,0,1,Group 1,G1
12.032213850815674,2.5997523205903574,0.366739273049856,1,1,Group 4,G4
9.859861301753082,5.926295525005688,1.7756413568520901,0,0,Group 2,G2
10.88621187207091,5.203346589395746,1.5378935691351763,1,1,Group 4,G4
9.778602163831573,5.336113764156562,2.5397415001874286,0,0,Group 2,G2
11.610425840836507,3.3208914801000655,0.14956738038940554,1,1,Group 4,G4
8.180357673673967,7.074599213547871,3.7698008981715754,0,0,Group 1,G1
9.02647606585988,6.5770212157468215,3.778957497369011,0,0,Group 1,G1
11.294744733192237,3.4712015795230746,0.595741478961965,1,1,Group 4,G1
9.082890887482414,5.898289886803432,3.009285168207893,0,0,Group 1,G4
10.768282802213605,3.550142647946249,1.199034846877451,1,1,Group 4,G2
